시설명,시군구 명칭,도로명주소,전화번호,운영시간,휴무일,주차 가능여부,입장 가능 동물 크기,반려동물 제한사항,장소(실내) 여부,장소(실외)여부,애견 동반 추가 요금,위도,경도,최종작성일
100코달리 와인바,중구,서울특별시 중구 다산로38길 11,0507-1346-6774,화~일 18:00~02:00,매주 월요일,Y,모두 가능,제한사항 없음,Y,N,없음,37.56330525,127.016417,2022-11-30
2Cats,종로구,서울특별시 종로구 인사동길 11,02-722-7833,매일 11:00~21:00,연중무휴,N,모두 가능,제한사항 없음,Y,N,없음,37.57182943,126.986787,2022-11-30
강아지대학로,종로구,서울특별시 종로구 대학로12길 92,,매일 13:00~20:30,연중무휴,N,모두 가능,"소, 중, 대형견 공간분리",Y,N,없음,37.58009773,127.003684,2022-11-30
강아지정류장,강서구,서울특별시 강서구 양천로 709,02-3662-1207,화~일 08:00~20:00,매주 월요일,N,모두 가능,제한사항 없음,Y,N,없음,37.54992339,126.874825,2022-11-30
개라다이스,관악구,서울특별시 관악구 봉천로 283,0507-1373-8222,매일 07:30~20:00,연중무휴,Y,모두 가능,제한사항 없음,Y,N,없음,37.48766129,126.932624,2022-11-30
개상전 애견카페,은평구,서울특별시 은평구 통일로 727-5,070-4404-1212,매일 11:00~21:00,연중무휴,Y,모두 가능,제한사항 없음,Y,N,없음,37.61021895,126.929202,2022-11-30
겟썸커피,강남구,서울특별시 강남구 논현로159길 46-6,070-4223-3619,화~일 10:00~21:00,매주 월요일,N,모두 가능,제한사항 없음,Y,N,없음,37.5224347,127.024464,2022-11-30
겨울이 머무는 집,마포구,서울특별시 마포구 와우산로17길 19-5,0507-1315-9151,수~월 13:00~21:00,매주 화요일,N,해당없음,해당없음,N,N,없음,37.54995731,126.921865,2025-03-24
고양이놀이터 카페,중구,서울특별시 중구 명동8길 37-14,02-3789-2207,매일 12:00~23:00,연중무휴,N,모두 가능,제한사항 없음,Y,N,없음,37.56197788,126.985489,2022-11-30
고양이다락방 신촌점,서대문구,서울특별시 서대문구 연세로 25-1,,매일 12:00~22:00,연중무휴,N,모두 가능,제한사항 없음,Y,N,없음,37.55797643,126.936705,2022-11-30
고양이다락방 홍대점,마포구,서울특별시 마포구 홍익로6길 21,02-3142-3123,매일 13:00~22:00,연중무휴,Y,모두 가능,제한사항 없음,Y,N,없음,37.55549336,126.922902,2022-11-30
고양이정원,강서구,서울특별시 강서구 개화동로19길 18,02-2665-4507,매일 11:00~22:00,연중무휴,Y,모두 가능,제한사항 없음,Y,Y,없음,37.57570577,126.803165,2022-11-30
구름뜬하늘,마포구,서울특별시 마포구 와우산로27길 21,02-3144-4978,수~월 11:00~22:00,매주 화요일,N,모두 가능,제한사항 없음,Y,N,없음,37.55414552,126.9271,2022-11-30
구욱희씨,성동구,서울특별시 성동구 서울특별시숲4길 12-22,0507-1413-7799,매일 12:00~22:00,연중무휴,N,모두 가능,루프탑 외 입장 불가,Y,Y,없음,37.54711029,127.041868,2022-11-30
김남매누나,송파구,서울특별시 송파구 백제고분로42길 23,0507-1332-9825,매일 12:00~23:00,연중무휴,N,모두 가능,제한사항 없음,Y,N,없음,37.50465287,127.111,2022-11-30
김바니네,동대문구,서울특별시 동대문구 전농로 36,0507-1348-9873,토~목 11:00~21:00,매주 금요일,Y,모두 가능,제한사항 없음,Y,N,없음,37.5680105,127.057406,2022-11-30
나인페츠 건대점,광진구,서울특별시 광진구 능동로 49,02-487-0955,매일 10:00~19:00,연중무휴,N,모두 가능,"5차 접종 필수, 전염질환, 공격성, 생리 중인 경우 입장 불가",Y,N,없음,37.53581451,127.068397,2022-11-30
내친구고양이카페,중랑구,서울특별시 중랑구 면목로 306,,매일 17:00~22:00,연중무휴,N,모두 가능,제한사항 없음,Y,N,없음,37.57943288,127.087721,2022-11-30
노블도그 애견카페,강서구,서울특별시 강서구 강서로 237,02-2606-0456,매일 12:00~22:00,연중무휴,Y,모두 가능,제한사항 없음,Y,N,없음,37.54686698,126.835883,2022-11-30
다니맘 수제간식 레스토랑,노원구,서울특별시 노원구 한글비석로23길 26,,매일 12:00~20:00,연중무휴,N,모두 가능,제한사항 없음,Y,Y,없음,37.65969337,127.071017,2022-11-30
다독인더시티,강남구,서울특별시 강남구 논현로101길 10,02-516-9650,매일 10:00~22:00,연중무휴,Y,모두 가능,제한사항 없음,Y,Y,없음,37.50461632,127.034044,2022-11-30
다시사랑받개,중랑구,서울특별시 중랑구 용마산로139나길 83,02-6958-6225,목~화 13:00~20:00,매주 수요일,Y,소형,공격성 있는 경우 입장 불가,Y,N,없음,37.61897034,127.103604,2022-11-30
댕그라미 애견카페,강남구,서울특별시 강남구 논현로115길 71,0507-1301-3595,매일 10:30~22:00,연중무휴,Y,모두 가능,제한사항 없음,Y,N,없음,37.50832105,127.027203,2022-11-30
더왈츠,강남구,서울특별시 강남구 역삼로 134,02-564-0927,매일 12:00~21:00,연중무휴,Y,소형/중형,제한사항 없음,Y,N,없음,37.49411114,127.034316,2022-11-30
더포트,강남구,서울특별시 강남구 영동대로142길 27,02-511-2008,매일 10:00~19:00,연중무휴,Y,모두 가능,제한사항 없음,Y,Y,없음,37.52521703,127.055506,2022-11-30
데이비드쥬스,영등포구,서울특별시 영등포구 여의동로 213,070-8875-8586,월~토 10:00~18:00,매주 일요일,Y,모두 가능,제한사항 없음,Y,N,없음,37.51859533,126.93963,2022-11-30
도그원 애견카페,은평구,서울특별시 은평구 연서로29길 25,02-357-1591,토 13:00~22:00,매주 월~금,N,모두 가능,제한사항 없음,Y,N,없음,37.61943907,126.91759,2022-11-30
도그존,송파구,서울특별시 송파구 올림픽로12길 28,070-7720-0427,수~월 12:00~21:00,매주 화요일,N,모두 가능,제한사항 없음,Y,N,없음,37.50910777,127.083191,2022-11-30
도어401,강남구,서울특별시 강남구 선릉로161길 18,02-6104-4017,화~일 12:00~20:00,매주 월요일,Y,모두 가능,제한사항 없음,Y,N,없음,37.52748109,127.03901,2022-11-30
도킹,서초구,서울특별시 서초구 동산로19길 54,070-7757-1207,매일 10:00~23:00,연중무휴,Y,모두 가능,제한사항 없음,Y,N,없음,37.47497221,127.045709,2022-11-30
동건s애견카페,서초구,서울특별시 서초구 방배중앙로 157,02-533-8146,화~일 14:00~22:00,매주 월요일,N,모두 가능,제한사항 없음,Y,N,없음,37.49314709,126.986172,2022-11-30
두젠틀,강남구,서울특별시 강남구 논현로 534,02-6259-1436,매일 11:00~21:00,연중무휴,Y,모두 가능,제한사항 없음,Y,N,없음,37.50411917,127.035807,2022-11-30
드로우지,용산구,서울특별시 용산구 회나무로 83,02-790-2322,화~일 11:30~20:30,매주 월요일,N,모두 가능,제한사항 없음,Y,Y,없음,37.54098714,126.99554,2022-11-30
디어도그,은평구,서울특별시 은평구 응암로12길 32-1,02-303-9690,매일 09:00~20:00,연중무휴,Y,모두 가능,제한사항 없음,Y,N,없음,37.5868254,126.91997,2022-11-30
디어도그,은평구,서울특별시 은평구 응암로12길 32-1,02-303-9690,매일 09:00~20:00,연중무휴,Y,모두 가능,제한사항 없음,Y,N,없음,37.5868254,126.91997,2022-11-30
디어앨리스,용산구,서울특별시 용산구 녹사평대로40길 51,0507-1435-1643,"목~화 17:00~24:00, 금~일 12:00~24:00",매주 수요일,N,모두 가능,제한사항 없음,Y,N,없음,37.53445875,126.988644,2022-11-30
딜라이트리,강남구,서울특별시 강남구 압구정로48길 28,02-545-9927,매일 11:00~21:00,연중무휴,Y,모두 가능,제한사항 없음,Y,N,없음,37.5268616,127.036617,2022-11-30
딩가 케이크,마포구,서울특별시 마포구 동교로29길 68,0303-8888-8889,매일 11:30~22:00,연중무휴,N,모두 가능,제한사항 없음,Y,N,없음,37.56340375,126.922074,2022-11-30
똑똑독,노원구,서울특별시 노원구 한글비석로 424,02-930-9997,매일 10:00~22:00,연중무휴,Y,모두 가능,제한사항 없음,Y,N,없음,37.66215509,127.070155,2022-11-30
똥강아지들,관악구,서울특별시 관악구 호암로22길 77,02-878-3560,정보없음,정보없음,N,모두 가능,제한사항 없음,Y,N,없음,37.46861659,126.937093,2022-11-30
똥강아지카페,중랑구,서울특별시 중랑구 용마산로 248,0507-1430-0722,화~일 12:00~20:00,매주 월요일,N,모두 가능,매너벨트 필수,Y,N,"3,000원",37.57520556,127.088485,2022-11-30
라딧프로젝트 카페,송파구,서울특별시 송파구 송파대로 450,0507-1392-7789,"일~월 12:00~21:00, 화~금 13:00~21:00, 토12:00~22:00","1, 2째주 월요일, 2, 3째주 화요일",N,25~30kg,"목줄 필수, 맹견 입장 불가",Y,N,없음,37.50685019,127.106151,2022-11-30
라쿤카페 꾸꾸네,종로구,서울특별시 종로구 대명길 26,02-766-1245,화~일 13:30~21:00,매주 월요일,N,해당없음,해당없음,Y,N,없음,37.58341822,127.000096,2025-03-24
런닝독 응암점,은평구,서울특별시 은평구 가좌로 251,0507-1382-7796,매일 12:00~20:00,연중무휴,N,소형,제한사항 없음,Y,N,없음,37.59145765,126.915154,2022-11-30
레이씨,서대문구,서울특별시 서대문구 연희로15길 43,0507-1309-4390,월~토 17:00~01:00,매주 일요일,Y,모두 가능,최대 2마리,Y,Y,없음,37.56924738,126.929894,2022-11-30
루프독,노원구,서울특별시 노원구 동일로 1027,0507-1321-1562,매일 09:00~21:00,연중무휴,N,10kg 이하,"맹견류, 공격성, 짖음 심한 경우 불가, 5차 접종, 매너벨트 필수",Y,Y,"3,000원",37.6218244,127.073881,2022-11-30
르쉬드서울,송파구,서울특별시 송파구 위례성대로12길 18,0507-1305-7922,매일 07:30~22:00,연중무휴,Y,모두 가능,제한사항 없음,Y,N,없음,37.51207315,127.121824,2022-11-30
리리앤펫,강북구,서울특별시 강북구 한천로131길 33,02-6368-4473,목~화 09:00~22:00,매주 수요일,Y,모두 가능,제한사항 없음,Y,N,없음,37.63792536,127.026891,2022-11-30
마이티그루밍,강남구,서울특별시 강남구 논현로 613,0507-1323-9718,월~토 10:00~20:00,매주 일요일,N,모두 가능,제한사항 없음,Y,N,없음,37.50851375,127.032936,2022-11-30
마포다방,마포구,서울특별시 마포구 홍익로5안길 47-5,070-4215-2717,매일 11:00~18:00,연중무휴,Y,모두 가능,제한사항 없음,Y,N,없음,37.55281917,126.92081,2022-11-30
망원 휴개소,마포구,서울특별시 마포구 희우정로 77,0507-1322-0735,목~화 12:00~20:00,매주 수요일,N,모두 가능,제한사항 없음,Y,N,없음,37.55314381,126.90274,2022-11-30
매로우,도봉구,서울특별시 도봉구 덕릉로60다길 34,0507-1317-1038,화~토 10:30~21:30,"격주 일, 월",Y,모두 가능,제한사항 없음,Y,N,없음,37.63759741,127.039102,2022-11-30
멍멍벅스,마포구,서울특별시 마포구 잔다리로6길 28-1,070-4512-3435,매일 11:00~21:00,연중무휴,N,"주말, 공휴일 15kg 이하",수컷 매너벨트 필수,Y,Y,"소형견 5,000원, 중형견 6,000원, 대형견 7,000원",37.55205953,126.92066,2022-11-30
멍멍이 다방,강서구,서울특별시 강서구 화곡로 117-1,070-7563-0304,화~일 12:00~22:00,매주 월요일,Y,모두 가능,제한사항 없음,Y,N,없음,37.54044768,126.834881,2022-11-30
멍박스24 애견셀프목욕 무인카페,성북구,서울특별시 성북구 보문로34길 39,0507-1307-0354,매일 00:00~24:00,연중무휴,Y,모두 가능,제한사항 없음,Y,N,없음,37.59076885,127.017458,2022-11-30
메이킷,강남구,서울특별시 강남구 삼성로 535,070-8623-9333,월~토 08:00~18:00,매주 일요일,Y,모두 가능,제한사항 없음,Y,N,없음,37.50961727,127.054664,2022-11-30
메이킷,강남구,서울특별시 강남구 삼성로 535,070-8623-9333,월~토 08:00~18:00,매주 일요일,Y,모두 가능,제한사항 없음,Y,N,없음,37.50961727,127.054664,2022-11-30
모스가든,강남구,서울특별시 강남구 논현로139길 12,02-546-8532,매일 08:30~22:00,연중무휴,Y,모두 가능,제한사항 없음,Y,N,없음,37.51668679,127.028327,2022-11-30
몽스낵,도봉구,서울특별시 도봉구 우이천로 333,0507-1321-1161,화~일 11:00~20:00,매주 월요일,N,모두 가능,제한사항 없음,Y,N,없음,37.64653232,127.026339,2022-11-30
무스커피,송파구,서울특별시 송파구 가락로42길 12,0507-1310-3773,매일 09:00~22:00,연중무휴,Y,모두 가능,제한사항 없음,Y,Y,없음,37.51214973,127.12068,2022-11-30
밀루앤라떼,마포구,서울특별시 마포구 토정로 27,02-6368-0213,매일 09:00~22:00,연중무휴,Y,모두 가능,제한사항 없음,Y,Y,없음,37.54573429,126.913902,2022-11-30
바잇미,강남구,서울특별시 강남구 논현로175길 101-3,070-7766-1824,매일 12:00~21:00,연중무휴,Y,모두 가능,제한사항 없음,Y,Y,없음,37.52256677,127.021258,2022-11-30
반려문화,강남구,서울특별시 강남구 언주로133길 23,0507-1389-6100,매일 10:00~21:30,연중무휴,Y,모두 가능,제한사항 없음,Y,Y,없음,37.51596415,127.03329,2022-11-30
배추공주와페키들의감성놀이터,동작구,서울특별시 동작구 상도로58길 4,,매일 15:00~21:00,연중무휴,N,모두 가능,제한사항 없음,Y,N,없음,37.49591989,126.953041,2022-11-30
버클리커피소셜,용산구,서울특별시 용산구 회나무로13가길 17,02-792-2048,매일 08:00~21:00,연중무휴,N,모두 가능,제한사항 없음,Y,N,없음,37.54097919,126.99054,2022-11-30
번동숲속카페,강북구,서울특별시 강북구 오현로 199-17,0507-1407-5426,월~토 11:00~21:00,매주 일요일,N,모두 가능,제한사항 없음,Y,N,없음,37.62958215,127.039112,2022-11-30
벌스데이,송파구,서울특별시 송파구 백제고분로45길 4-21,070-8240-0992,매일 12:00~22:00,연중무휴,N,모두 가능,제한사항 없음,Y,N,없음,37.51003227,127.111338,2022-11-30
별개애견호텔,양천구,서울특별시 양천구 지양로 85,0507-1335-4441,매일 10:00~20:00,연중무휴,Y,모두 가능,제한사항 없음,Y,N,없음,37.52268953,126.832589,2022-11-30
분카샤,중구,서울특별시 중구 을지로14길 20,02-2269-6947,매일 12:00~23:00,연중무휴,N,모두 가능,제한사항 없음,Y,N,없음,37.56532931,126.992033,2022-11-30
블랙노우즈 카페,강남구,서울특별시 강남구 선릉로 402,0507-1382-6503,매일 09:00~22:00,연중무휴,N,모두 가능,제한사항 없음,Y,N,없음,37.50079968,127.051008,2022-11-30
빈터커피바,강남구,서울특별시 강남구 강남대로162길 41-22,0507-1399-6006,월~토 09:00~21:00,매주 일요일,N,모두 가능,제한사항 없음,Y,N,없음,37.52207063,127.021067,2022-11-30
빙하기,마포구,서울특별시 마포구 포은로 86-1,0507-1372-6021,수~월 12:00~22:00,매주 화요일,N,모두 가능,제한사항 없음,Y,N,없음,37.554773,126.905412,2022-11-30
빼꼼하우스,마포구,서울특별시 마포구 독막로8길 15-6,0507-1349-5950,화~일 11:00~21:00,매주 월요일,Y,모두 가능,제한사항 없음,Y,Y,없음,37.54700048,126.918232,2022-11-30
사직커피,종로구,서울특별시 종로구 사직로 49-4,070-8845-3527,매일 11:30~22:00,연중무휴,N,모두 가능,제한사항 없음,Y,N,없음,37.5738226,126.965057,2022-11-30
선데이사운즈,용산구,서울특별시 용산구 두텁바위로37길 6,0507-1359-8810,화~일 12:00~20:00,매주 월요일,N,모두 가능,제한사항 없음,Y,N,없음,37.54744856,126.981548,2022-11-30
소월집,용산구,서울특별시 용산구 소월로44길 41,070-8156-5459,매일 10:00~19:00,"2, 4째주 일요일",Y,모두 가능,제한사항 없음,Y,N,없음,37.54112215,126.992778,2022-11-30
슬로우포레스트,종로구,서울특별시 종로구 삼청로5길 20,070-7525-5600,매일 12:00~19:00,연중무휴,N,모두 가능,제한사항 없음,Y,Y,없음,37.58281605,126.98078,2022-11-30
써니네애견카페,마포구,서울특별시 마포구 양화로18안길 16,02-334-3712,매일 13:00~22:00,연중무휴,Y,모두 가능,제한사항 없음,Y,N,없음,37.55672181,126.92548,2022-11-30
썸이프,강동구,서울특별시 강동구 강동대로53길 50,02-470-7711,화~일 11:30~22:00,매주 월요일,Y,모두 가능,제한사항 없음,Y,N,없음,37.52492334,127.132452,2022-11-30
아망도그플레이스,송파구,서울특별시 송파구 오금로 479,0507-1361-5982,매일 11:00~22:00,연중무휴,Y,모두 가능,제한사항 없음,Y,N,없음,37.49425991,127.142522,2022-11-30
아이라이크마운틴,용산구,서울특별시 용산구 대사관로6가길 9,0507-1352-1025,매일 10:00~19:00,연중무휴,Y,모두 가능,제한사항 없음,Y,N,없음,37.53303616,126.998938,2022-11-30
안티 스트레스,용산구,서울특별시 용산구 이태원로20가길 9-7,0507-1309-6535,매일 12:00~23:00,연중무휴,N,모두 가능,제한사항 없음,Y,N,없음,37.53380153,126.992876,2022-11-30
알베르,강남구,서울특별시 강남구 강남대로102길 34,02-566-6181,매일 10:00~23:00,연중무휴,N,모두 가능,제한사항 없음,Y,Y,없음,37.50305653,127.028103,2022-11-30
애견샵서울리버티벨,강동구,서울특별시 강동구 양재대로 1410,02-487-0955,정보없음,정보없음,Y,모두 가능,제한사항 없음,Y,N,없음,37.53174182,127.138141,2022-11-30
애견카페히릿 건대점,광진구,서울특별시 광진구 광나루로 404,070-8870-4442,매일 12:00~22:00,연중무휴,N,모두 가능,제한사항 없음,Y,N,없음,37.5469693,127.074406,2022-11-30
애니멀고파크 논현점,강남구,서울특별시 강남구 봉은사로47길 59,0507-1378-4939,매일 10:00~21:00,연중무휴,N,모두 가능,제한사항 없음,Y,N,없음,37.51356096,127.039785,2022-11-30
앵두나무카페,강북구,서울특별시 강북구 덕릉로40다길 33-38,02-773-2517,수~월 11:00~20:00,매주 일요일,Y,모두 가능,"목줄 필수, 맹견 입장 불가",Y,Y,없음,37.6331589,127.029817,2022-11-30
어라운드데이,성동구,서울특별시 성동구 서울특별시숲2길 24-1,0507-1431-8310,매일 12:00~21:00,연중무휴,N,모두 가능,제한사항 없음,Y,Y,없음,37.54686967,127.041271,2022-11-30
에스피온,강남구,서울특별시 강남구 삼성로71길 45,0507-1467-9311,"월~금 07:00~17:00, 토~일 08:00~18:00",연중무휴,Y,모두 가능,제한사항 없음,Y,N,없음,37.50116337,127.055313,2022-11-30
에이아이,강남구,서울특별시 강남구 강남대로110길 32,070-8158-2588,정보없음,정보없음,N,소형,제한사항 없음,Y,N,없음,37.50367855,127.027484,2022-11-30
엔트런스,서초구,서울특별시 서초구 사임당로19길 72-3,0507-1325-0727,화~일 10:00~20:00,매주 월요일,N,모두 가능,제한사항 없음,Y,N,없음,37.49244178,127.019046,2022-11-30
오늘 카페,서초구,서울특별시 서초구 명달로4길 4,02-6439-5428,매일 10:00~22:00,연중무휴,Y,모두 가능,제한사항 없음,Y,N,없음,37.47984643,127.006088,2022-11-30
오늘맑음,강북구,서울특별시 강북구 4.19로17길 14-1,02-6465-6460,매일 11:00~21:00,연중무휴,Y,모두 가능,"실내 정원 좌석만 동반 가능, 짖음 심한 경우 제한",Y,Y,없음,37.6442841,127.005668,2022-11-30
오성리,강북구,서울특별시 강북구 삼양로73가길 3,02-988-6272,수~월 11:00~22:00,매주 화요일,Y,모두 가능,목줄,Y,N,없음,37.62939777,127.017455,2022-11-30
올드페리도넛,용산구,서울특별시 용산구 한남대로27길 66,02-6015-2022,수~월 11:00~20:30,매주 화요일,N,모두 가능,제한사항 없음,Y,N,없음,37.53959965,127.003,2022-11-30
올웨이즈온,서초구,서울특별시 서초구 방배천로2안길 45,02-584-7974,매일 11:00~22:00,연중무휴,N,모두 가능,제한사항 없음,Y,N,없음,37.47901295,126.983814,2022-11-30
와이낫,강북구,서울특별시 강북구 수유로 59,0507-1470-5911,매일 08:30~24:00,연중무휴,N,모두 가능,제한사항 없음,Y,N,없음,37.63592644,127.020073,2022-11-30
원인어밀리언,용산구,서울특별시 용산구 이태원로54길 31,02-794-2414,매일 11:00~23:00,연중무휴,N,모두 가능,제한사항 없음,Y,N,없음,37.5370311,127.001951,2022-11-30
인솔커피 상수점,마포구,서울특별시 마포구 독막로18길 16,02-2135-3166,매일 11:00~21:00,연중무휴,Y,모두 가능,제한사항 없음,Y,Y,없음,37.54712081,126.923552,2022-11-30
인투고,용산구,서울특별시 용산구 신흥로 45,02-795-2090,정보없음,정보없음,N,모두 가능,제한사항 없음,Y,N,없음,37.54249833,126.987323,2022-11-30
입양뜰,관악구,서울특별시 관악구 난우2길 9,02-6015-6543,매일 10:00~21:00,연중무휴,N,모두 가능,제한사항 없음,Y,N,없음,37.47343267,126.919425,2022-11-30
전설의강아지,강남구,서울특별시 강남구 선릉로115길 22,,토~일 08:30~21:30,매주 월~금,Y,모두 가능,제한사항 없음,Y,N,없음,37.51201752,127.041166,2022-11-30
정다방 카페,강남구,서울특별시 강남구 테헤란로30길 31,02-6243-6008,매일 08:00~20:00,연중무휴,Y,모두 가능,야외만 반려동물 동반 가능,Y,Y,"4,000원",37.49925201,127.040044,2025-03-24
지니앤독,관악구,서울특별시 관악구 남부순환로 1674,02-3285-7272,"월, 수~금 15:00~21:30, 토~일 14:00~21:30",매주 화요일,Y,모두 가능,제한사항 없음,Y,N,없음,37.484358,126.936501,2022-11-30
진쇼니샵,서초구,서울특별시 서초구 강남대로97길 23,0507-1351-0626,매일 12:00~22:00,연중무휴,N,모두 가능,제한사항 없음,Y,N,없음,37.51446227,127.018471,2022-11-30
차르도르,관악구,서울특별시 관악구 보라매로 17,02-875-1999,매일 10:00~21:00,연중무휴,N,모두 가능,제한사항 없음,Y,N,없음,37.49102821,126.926927,2022-11-30
청춘고양이카페,마포구,서울특별시 마포구 양화로6길 79,02-6369-5008,매일 13:00~21:00,연중무휴,N,모두 가능,제한사항 없음,Y,N,없음,37.54854519,126.918683,2022-11-30
카카오독 애견카페,강서구,서울특별시 강서구 곰달래로60길 33,0507-1402-7963,"화, 목~일 13:00~18:00","매주 월, 수",Y,모두 가능,제한사항 없음,Y,N,없음,37.53079464,126.86329,2022-11-30
카페 구할구 남산,중구,서울특별시 중구 퇴계로20길 73,0507-1486-5953,매일 10:00~22:00,연중무휴,N,모두 가능,제한사항 없음,Y,N,없음,37.55820982,126.987009,2022-11-30
카페 달세뇨,강북구,서울특별시 강북구 수유로 59-1,0507-1323-0429,토~수 12:00~21:00,"매주 목, 금",N,모두 가능,제한사항 없음,Y,N,없음,37.63597462,127.020239,2022-11-30
카페 드 에덴,서대문구,서울특별시 서대문구 포방터길 23,0507-1480-8804,수~월 09:00~19:00,매주 화요일,N,모두 가능,제한사항 없음,Y,N,없음,37.59781258,126.948693,2022-11-30
카페 베이지크,광진구,서울특별시 광진구 뚝섬로24길 21,0507-1351-9020,매일 10:30~18:00,연중무휴,Y,모두 가능,제한사항 없음,Y,N,없음,37.5354829,127.063462,2022-11-30
카페 아리네,양천구,서울특별시 양천구 목동동로 222-11,0507-1384-5735,매일 11:00~23:00,연중무휴,Y,모두 가능,"안고 있어야 함, 1층만 이용 가능",Y,N,없음,37.52537042,126.872716,2022-11-30
카페 어질리티,강동구,서울특별시 강동구 양재대로 1355,0507-1360-1355,매일 10:00~20:00,연중무휴,Y,소형/중형,실내 목줄 필수,Y,Y,없음,37.52739525,127.135616,2022-11-30
카페 퍼블리코,동작구,서울특별시 동작구 상도로 47,02-815-4000,매일 11:00~19:30,연중무휴,Y,모두 가능,제한사항 없음,Y,N,없음,37.49994263,126.925834,2022-11-30
카페 하울링,마포구,서울특별시 마포구 와우산로 170,0507-1331-9948,매일 11:00~05:00,연중무휴,N,모두 가능,제한사항 없음,Y,N,없음,37.55585821,126.931122,2022-11-30
카페700,강서구,서울특별시 강서구 곰달래로 104,0507-1365-3953,매일 13:00~22:00,연중무휴,Y,모두 가능,제한사항 없음,Y,N,없음,37.53030598,126.844331,2022-11-30
카페멍 목동점,양천구,서울특별시 양천구 오목로 337,02-2644-1351,매일 12:00~22:00,연중무휴,Y,모두 가능,제한사항 없음,Y,N,없음,37.52480354,126.874938,2022-11-30
카페무네,종로구,서울특별시 종로구 자하문로 258,02-6328-0258,매일 11:00~21:00,연중무휴,N,모두 가능,제한사항 없음,Y,N,없음,37.59729057,126.963544,2022-11-30
카페문나잇,강북구,서울특별시 강북구 솔매로50길 7,070-4046-0915,수~일 11:30~21:00,"매주 월, 화",N,모두 가능,"대형견, 마킹하는 친구들은 매너벨트 착용",Y,N,없음,37.62613743,127.027145,2022-11-30
카페미미콩,강동구,서울특별시 강동구 명일로10길 9,02-470-7979,정보없음,정보없음,Y,모두 가능,제한사항 없음,Y,N,없음,37.53189543,127.144544,2022-11-30
카페버킨,마포구,서울특별시 마포구 양화로6길 28,0507-1322-0712,매일 11:00~22:00,연중무휴,N,모두 가능,제한사항 없음,Y,N,없음,37.54890587,126.915615,2022-11-30
카페식스,마포구,서울특별시 마포구 와우산로29라길 19,02-332-5533,매일 12:00~20:00,연중무휴,N,모두 가능,제한사항 없음,Y,N,없음,37.55497151,126.927023,2022-11-30
카페씨멘트,마포구,서울특별시 마포구 희우정로20길 72,070-7501-4705,매일 11:00~22:00,연중무휴,Y,모두 가능,"목줄, 매너벨트",Y,Y,없음,37.55609447,126.904267,2022-11-30
카페앤드에이,마포구,서울특별시 마포구 토정로11길 54,0507-1307-4364,매일 10:00~20:00,연중무휴,Y,모두 가능,제한사항 없음,Y,Y,없음,37.54602569,126.923763,2022-11-30
카페엔바이콘 카페,강남구,서울특별시 강남구 도산대로 130,0507-1434-8522,매일 07:00~21:00,연중무휴,Y,모두 가능,1층만 이용 가능,Y,N,없음,37.51718945,127.022974,2022-11-30
카페일월십일,양천구,서울특별시 양천구 목동중앙남로9길 41,0507-1355-3512,매일 10:00~24:00,연중무휴,Y,모두 가능,제한사항 없음,Y,N,없음,37.53787136,126.864147,2022-11-30
카페커피는,송파구,서울특별시 송파구 토성로15길 15-8,0507-1324-9354,일~금 10:00~21:00,매주 토요일,Y,모두 가능,제한사항 없음,Y,N,없음,37.53053481,127.117432,2022-11-30
카페희재,송파구,서울특별시 송파구 백제고분로11길 6,,매일 10:00~21:00,연중무휴,N,모두 가능,제한사항 없음,Y,N,없음,37.50777404,127.080024,2022-11-30
카페히든,양천구,서울특별시 양천구 목동동로 222-6,0507-1379-1774,매일 11:30~20:00,연중무휴,N,모두 가능,제한사항 없음,Y,Y,없음,37.52531958,126.87219,2022-11-30
커멍커멍,강서구,서울특별시 강서구 강서로 385,0507-1435-5949,매일 07:30~21:00,연중무휴,Y,모두 가능,제한사항 없음,Y,N,없음,37.56009264,126.838304,2022-11-30
커피에반하다 강동성내점,강동구,서울특별시 강동구 천호옛길 96,02-2135-6884,매일 08:00~24:00,연중무휴,N,모두 가능,제한사항 없음,Y,N,없음,37.53709752,127.126166,2022-11-30
컵인더스튜디오,광진구,서울특별시 광진구 아차산로25길 36,02-463-0270,화~일 12:00~21:00,매주 월요일,Y,모두 가능,제한사항 없음,Y,N,없음,37.54293211,127.067355,2022-11-30
케슬리 샌드위치,노원구,서울특별시 노원구 상계로1길 74,02-933-8537,수~월 10:00~21:00,매주 화요일,Y,모두 가능,제한사항 없음,Y,N,없음,37.65944318,127.061532,2022-11-30
코셔엘리푸드,용산구,서울특별시 용산구 회나무로26길 43,0507-1401-8222,일~목 08:00~17:30,"매주 금, 토",N,모두 가능,제한사항 없음,Y,N,없음,37.53856905,126.989942,2022-11-30
코스모스상점,성동구,서울특별시 성동구 성수이로7길 27,0507-1402-7878,매일 11:00~20:00,연중무휴,Y,모두 가능,제한사항 없음,Y,N,없음,37.54157394,127.053439,2022-11-30
코코샌드 카페,마포구,서울특별시 마포구 양화로23길 22-7,02-3144-1112,매일 12:00~22:00,연중무휴,Y,모두 가능,제한사항 없음,Y,N,없음,37.55967262,126.925252,2022-11-30
클리어스펫푸드,마포구,서울특별시 마포구 동교로29길 48,,정보없음,정보없음,N,모두 가능,제한사항 없음,Y,N,없음,37.56252547,126.922781,2022-11-30
킨더독,송파구,서울특별시 송파구 삼전로 53,02-6959-5979,토~일 12:00~20:00,매주 월~금,Y,10kg 이하,맹견류 입장 불가,Y,N,없음,37.50389477,127.087266,2022-11-30
테이블에이 본점,마포구,서울특별시 마포구 와우산로 146,02-324-5542,매일 12:00~22:00,연중무휴,Y,모두 가능,제한사항 없음,Y,N,없음,37.5540614,126.929517,2022-11-30
톨리커피,노원구,서울특별시 노원구 상계로9나길 9,0507-1345-9868,수~월 11:00~20:00,매주 화요일,N,모두 가능,제한사항 없음,Y,N,없음,37.66018884,127.068065,2022-11-30
투테일즈 수제간식,성동구,서울특별시 성동구 성덕정길 33,070-8065-3420,화~일 12:00~20:00,매주 월요일,N,모두 가능,제한사항 없음,Y,N,없음,37.53904486,127.04748,2022-11-30
펠앤콜,마포구,서울특별시 마포구 와우산로 39-21,070-4411-1434,매일 12:00~21:00,연중무휴,N,모두 가능,제한사항 없음,Y,N,없음,37.54816344,126.922166,2022-11-30
펫티 애견카페,강서구,서울특별시 강서구 공항대로 222,0507-1333-0043,매일 10:30~21:00,연중무휴,Y,소형,제한사항 없음,Y,Y,"3,000원",37.55866871,126.832173,2022-11-30
포동푸딩,성동구,서울특별시 성동구 서울특별시숲2길 21,0507-1360-8308,화~일 11:30~20:30,매주 월요일,N,모두 가능,제한사항 없음,Y,N,없음,37.54711357,127.041014,2022-11-30
포포앤미루 강동점,강동구,서울특별시 강동구 양재대로89가길 30,02-471-8825,수~월 13:00~21:00,매주 화요일,Y,모두 가능,제한사항 없음,Y,N,없음,37.52526883,127.134245,2022-11-30
프리독애견카페,동작구,서울특별시 동작구 여의대방로22바길 2,070-8628-5314,화~일 11:00~21:00,매주 월요일,N,모두 가능,제한사항 없음,Y,N,없음,37.49756878,126.922925,2022-11-30
하우디,송파구,서울특별시 송파구 송이로 6,,"월~토 10:00~21:00, 일 11:00~21:00",매주 화요일,Y,모두 가능,안고 있어야 함,Y,N,없음,37.50395293,127.114997,2022-11-30
한남베르그,용산구,서울특별시 용산구 이태원로54길 58,0507-1331-1750,매일 11:00~22:00,연중무휴,N,모두 가능,제한사항 없음,Y,N,없음,37.53597243,127.000958,2022-11-30
한스펌킨 쇼룸 카페,서초구,서울특별시 서초구 양재천로 97,02-502-1502,월~금 11:00~18:00,"매주 토, 일",N,모두 가능,실외만 동반 가능,Y,Y,없음,37.47623988,127.03988,2022-11-30
행복감,서대문구,서울특별시 서대문구 연희로11가길 51,02-6052-5380,매일 11:00~20:00,연중무휴,N,모두 가능,제한사항 없음,Y,N,없음,37.56634872,126.92755,2022-11-30
헌드레드일레븐,서초구,서울특별시 서초구 서초대로 3-4,,매일 08:00~22:00,연중무휴,Y,모두 가능,제한사항 없음,Y,N,없음,37.48603179,126.983084,2022-11-30
험블커피,송파구,서울특별시 송파구 오금로38가길 33,02-400-1579,"월~금 08:00~19:00, 토~일 09:00~19:00",연중무휴,Y,모두 가능,제한사항 없음,Y,N,없음,37.49944981,127.126945,2022-11-30
혼자두면장판뜯어서차린개카페,관악구,서울특별시 관악구 남부순환로 1665,0507-1400-3058,매일 11:00~22:00,연중무휴,Y,모두 가능,제한사항 없음,Y,Y,없음,37.48512152,126.935676,2022-11-30
fondcoffee,마포구,서울특별시 마포구 동교로15길 32,,토~월 12:00~21:00,매주 금요일,N,모두 가능,제한사항 없음,Y,N,없음,37.5561191,126.914146,2022-11-30
Im,서초구,서울특별시 서초구 동광로 183,02-593-6700,매일 08:00~19:00,연중무휴,Y,모두 가능,제한사항 없음,Y,Y,없음,37.49380373,127.001714,2022-11-30
JOFREE CAKE,성동구,서울특별시 성동구 성덕정길 42,0507-1321-6925,화~일 10:00~20:00,매주 월요일,Y,모두 가능,제한사항 없음,Y,N,없음,37.53854178,127.048271,2022-11-30
OMW 애견카페,강서구,서울특별시 강서구 화곡로 194-26,0507-1332-4725,화~일 12:00~21:00,매주 월요일,Y,모두 가능,제한사항 없음,Y,Y,없음,37.54199949,126.842614,2022-11-30
staywell cafe,마포구,서울특별시 마포구 백범로 152,02-3273-0408,수~월 09:30~18:00,매주 화요일,Y,소형,제한사항 없음,Y,N,없음,37.54474774,126.948258,2022-11-30
